field,n,naive_f1,nr_f1,acal_f1,n_emit_gold,n_emit_pred,n_nr_gold,span_iou,n_iou_evaluable,num_match,unit_accuracy,n_num_evaluable,n_unit_evaluable,ae_consistency
size,40,0.5714285714285715,0.7894736842105263,0.6804511278195489,18.0,17.0,15.0,0.4442391887438327,17.0,0.625,1.0,16.0,16.0,1.0
zeta_potential,40,0.0,0.8529411764705882,0.4264705882352941,10.0,1.0,29.0,0.2631578947368421,1.0,,,0.0,0.0,1.0
stability,40,0.7692307692307693,0.955223880597015,0.8622273249138921,8.0,5.0,32.0,0.43814616755793223,5.0,1.0,1.0,4.0,4.0,1.0
payload,40,0.0,0.05,0.025,38.0,1.0,1.0,0.9230769230769231,1.0,,,0.0,0.0,1.0
loading_efficiency,40,0.45454545454545453,0.9387755102040816,0.6966604823747681,8.0,14.0,23.0,0.5476910082214704,14.0,0.5555555555555556,1.0,9.0,9.0,1.0
release_profile,40,0.47058823529411764,0.6829268292682926,0.5767575322812051,21.0,13.0,14.0,0.6366067450048367,13.0,,,0.0,0.0,1.0
MACRO,40,0.37763217174981883,0.7115568467917505,0.5445945092707847,,,,0.5421529878903062,,0.7268518518518517,1.0,,,1.0
